"Especie","forma_espora","color"
"Clavariadelphus_pistillaris","el","magenta"
"Gomphus_clavatus","el","magenta"
"Gomphus_floccosus","el","magenta"
"Clavulinopsis_amoena","el","magenta"
"Clavulinopsis_aurantiocinnabarina","sg","green"
"Clavulinopsis_sulcata","el","magenta"
"Clavaria_fragilis","el","magenta"
"Clavaria_zollingeri","el","magenta"
"Clavulinopsis_corniculata","gl","blue"
"Clavulinopsis_fusiformis","gl","blue"
"Clavulinopsis_helvola","sg","green"
"Clavulinopsis_laeticolor","el","magenta"
"Ramariopsis_pulchella","sg","green"
"Ramariopsis_crocea","sg","green"
"Ramariopsis_kunzei","sg","green"
"Scytinopogon_angulisporus","sg","green"
